idx,raw_dtw,emb_dtw,emb_cam_dtw,is_event,date
0,1.4414813783433702,1.4936741290247935,1.7418075789832395,0,2023-04-21
1,1.2999999081646958,1.6136549479591902,2.0148735383702263,0,2023-04-24
2,1.2399998770819773,1.375188416287958,1.7466264980483535,0,2023-04-25
3,1.2725925092343937,1.2354447994040265,1.599735208063145,0,2023-04-26
4,1.339629526491519,1.2259040772556944,1.4331498377493452,0,2023-04-27
5,1.343333244323731,1.1201002858022626,1.3339341455407117,0,2023-04-28
6,0.9699999392032628,1.0295637566163323,1.1773205163493514,0,2023-05-01
7,1.057931077891383,1.0302744127788164,1.1581480360998122,0,2023-05-02
8,1.0306667009989428,1.0286149457359655,1.1832039293263863,0,2023-05-03
9,1.0933333714803068,1.1170347559593643,1.238371547016397,0,2023-05-04
10,1.465200004577637,1.3445173099464853,1.616447350994871,0,2023-05-05
11,1.400800018310547,1.2800551897053996,1.6499224257509926,0,2023-05-08
12,1.4024999936421716,1.2541463354067,1.4884703868950093,0,2023-05-09
13,1.400869535363239,1.2282463718984846,1.4955824934672142,0,2023-05-10
14,1.3100000049756924,1.1506405731696685,1.4237904287848673,0,2023-05-11
15,1.2395833333333337,1.1397044118094317,1.434235373781575,0,2023-05-12
16,1.0992591292769818,1.1326676509450686,1.4291980263942137,0,2023-05-15
17,1.0489283970424104,1.0073180799130252,1.2403380256776508,0,2023-05-16
18,1.07357120513916,0.9434050714492224,1.217781863684379,0,2023-05-17
19,1.005666796366374,0.9519403962808016,1.2055667171759499,0,2023-05-18
20,0.8013331731160485,0.9502239254695213,1.0609488629436623,0,2023-05-19
21,0.7723331451416018,0.7646271592838284,0.9662982267976472,0,2023-05-22
22,0.7573331197102867,0.7610803039170916,0.966748196207805,0,2023-05-23
23,0.7748274309881805,0.7573213645532584,1.004294527299461,0,2023-05-24
24,0.8442856243678504,0.7559979417964162,1.0479182645507081,0,2023-05-25
25,1.0615384395305933,0.9462646768372517,1.2955316172255407,0,2023-05-26
26,1.1599999574514541,1.224726771112726,1.5165214023147262,0,2023-05-29
27,1.6241664489110317,1.4523702019752505,1.812200094281983,0,2023-05-30
28,1.5867996978759769,1.4574954830752704,1.9926901462835742,0,2023-05-31
29,1.6749997536341352,1.2261719304584167,1.6941019589745283,0,2023-06-01
30,0.9466666115654839,0.945945292287033,1.2779173301095448,0,2023-06-02
31,0.8491997909545898,0.7466425017320139,0.9659384346266059,0,2023-06-05
32,0.7122220286616573,0.7416159460252376,0.9526395075901257,0,2023-06-06
33,0.6855554227475766,0.7660220989564561,0.9845802149531189,0,2023-06-07
34,0.6792591589468496,0.8150169897148644,1.036539960904818,0,2023-06-08
35,0.6840740133214878,0.8668741821561032,1.103576976314974,0,2023-06-09
36,0.6549999032701761,0.8607065839952773,1.0918479176626164,0,2023-06-12
37,0.6325924131605357,0.82571394093475,1.0378249937029482,0,2023-06-13
38,0.5511109387433084,0.750497037262617,0.9393669709619153,0,2023-06-14
39,0.5307140690939763,0.6337889497240211,0.7848796315637291,0,2023-06-15
40,0.6549998351505822,0.6458723564241053,0.7708836198833932,0,2023-06-16
41,0.7778569630214144,0.661305613302816,0.7427217119210981,0,2023-06-19
42,1.1826922710125263,0.7693652006013753,0.823947014385836,0,2023-06-20
43,1.2211537727942834,0.9514877997865067,1.2936373488317399,0,2023-06-21
44,1.3703998947143554,1.0019846520234714,1.3337717731140164,0,2023-06-22
45,1.5167998504638676,1.0824044351088051,1.1918667071632854,0,2023-06-23
46,1.6627998352050783,1.2264608550473861,1.6355497214815387,0,2023-06-26
47,1.6746153464684121,1.3403791177835924,1.7612724857067745,0,2023-06-27
48,1.4653332392374674,1.199539386287708,1.575172067069745,0,2023-06-28
49,1.6285184224446614,1.1029870478185797,1.4185667059865528,0,2023-06-29
50,1.776153747852032,0.9302655799207895,1.2331790213628355,0,2023-06-30
51,1.8915999221801758,0.8453110047812729,1.0232662038463938,0,2023-07-03
52,1.8699999222388635,0.7893154081146038,0.9169207015135571,0,2023-07-04
53,1.9615999603271483,0.7810153076830164,0.9028808306995417,0,2023-07-05
54,1.9543999862670898,0.8335212693933487,0.9664304834323371,0,2023-07-06
55,1.746296211525246,1.3057501156296174,1.5566692610587465,0,2023-07-07
56,1.7576922269967885,1.5624064826011226,1.8702749875415081,0,2023-07-10
57,1.8955998992919922,1.5013292267559413,1.8445910539039583,0,2023-07-11
58,1.8531999206542968,1.56924535525421,1.9940048428962576,0,2023-07-12
59,1.7657691882206843,1.6160145475099166,2.0896527063205976,0,2023-07-13
60,1.7051851837723344,1.2447238685819182,1.6644871507853687,0,2023-07-14
61,1.6242857319968091,0.8725412672401448,1.1715983429847525,0,2023-07-17
62,1.5441379875972354,0.6700431686649209,0.8687677833462432,0,2023-07-18
63,1.486666742960612,0.5354657969784252,0.6353727865392388,0,2023-07-19
64,1.4450000762939452,0.5180861334304225,0.6331200733903891,0,2023-07-20
65,1.4160000801086425,0.4669461449294506,0.5886890639903022,0,2023-07-21
66,1.5167857578822546,0.4902344360759788,0.6153946549004256,0,2023-07-24
67,1.5896296677766022,0.5051177833233558,0.6451594021244197,0,2023-07-25
68,1.6665384952838604,0.5504454554130235,0.6886851833038343,0,2023-07-26
69,1.7640000534057618,0.5419080810195538,0.6669804614638948,0,2023-07-27
70,1.6857692645146296,0.5559241819216014,0.6628342462640915,0,2023-07-28
71,1.7820000457763672,0.6500208045933136,0.7613044597366055,0,2023-07-31
72,1.816400032043457,0.7825054715263375,0.914880833374083,0,2023-08-01
73,1.8220000076293945,1.080495784296501,1.198017685546154,0,2023-08-02
74,1.6881481806437175,1.4281889070057718,1.694711810937636,0,2023-08-03
75,1.7769230695871205,1.5924271270287391,2.0014798249095707,0,2023-08-04
76,1.9015999984741212,1.760670440137845,2.314120434593471,0,2023-08-07
77,1.90560001373291,1.926754854615448,2.458291602690902,0,2023-08-08
78,1.86439998626709,2.068444103177588,2.5565942405267648,0,2023-08-09
79,1.7059999465942386,1.7317232982870028,2.286283480481481,0,2023-08-10
80,1.5023076350872333,1.5323220974692506,1.980898926217651,0,2023-08-11
81,1.2826921389653134,1.2136916582630712,1.5532320515224005,0,2023-08-14
82,1.142692089080811,0.9401818806607183,1.1574008828676552,0,2023-08-15
83,1.0603843835683973,0.8558662117415434,1.0451301895504586,0,2023-08-16
84,1.0887997436523442,1.0222016920706798,1.2925145706333196,0,2023-08-17
85,1.0115381387563855,1.1572950133546505,1.5338642892030412,0,2023-08-18
86,1.0219227717472958,1.2938744604427455,1.7308659212542579,0,2023-08-21
87,1.0376919966477618,1.3993050700126108,1.9088690376680733,0,2023-08-22
88,1.0453842970041132,1.484536383713345,2.0141755692447285,0,2023-08-23
89,0.9892304493830757,1.561071629894476,2.027918122745294,0,2023-08-24
90,1.0642304787269006,1.5016624980019189,1.8529489053267378,0,2023-08-25
91,0.7485184139675565,1.239701302468407,1.547208673050329,0,2023-08-28
92,0.5171427726745609,0.8537118298053694,1.084299650172593,0,2023-08-29
93,0.38699992497762065,0.5480556766124061,0.697474762997067,0,2023-08-30
94,0.4116666158040366,0.6515125335831882,0.8416396082578824,0,2023-08-31
95,0.44499994913736973,0.6671595723977717,0.9131508670913918,0,2023-09-01
96,0.4525806057837699,0.7105320381061575,0.9194027269941435,0,2023-09-04
97,0.4954838291291265,0.8015710562685273,1.0395822657434781,0,2023-09-05
98,0.5158063827022425,0.8147919114072003,1.0803078088397793,0,2023-09-06
99,0.5892855780465259,0.7510079480588188,0.9944147230866524,0,2023-09-07
100,0.6432142257690427,0.6328216984542734,0.8364901296446305,0,2023-09-08
101,0.6960714885166708,0.606245931062545,0.8075598714632765,0,2023-09-11
102,0.8957690825829139,0.7077838536667158,0.86502062465405,0,2023-09-12
103,1.0916001510620117,0.7511694981961174,0.8624185971148036,0,2023-09-13
104,1.091428109577724,0.861998735931493,0.9784773478011766,0,2023-09-14
105,1.2251847938255027,0.9105692479371956,0.9919893939065595,0,2023-09-15
106,1.354615064767691,1.0562122146041892,1.3965327578484437,0,2023-09-18
107,1.4927997589111328,1.1689815689398022,1.5526641225354467,0,2023-09-19
108,1.580799903869629,1.345175009338043,1.7355535792373342,0,2023-09-20
109,1.6014814730043765,1.3426016163931145,1.748185885681038,0,2023-09-21
110,1.7480769157409668,1.309888079447055,1.680647780867432,0,2023-09-22
111,1.920800018310547,1.3790311540435658,1.8654891208690094,0,2023-09-25
112,2.008799934387207,1.4809037903401951,1.999482763936618,0,2023-09-26
113,2.03153841312115,1.5539778554371422,2.138721423580539,0,2023-09-27
114,2.0931997680664063,1.7214685551172555,2.2779414865694934,0,2023-09-28
115,1.951999740600586,1.7866124423214356,2.527283678675396,0,2023-09-29
116,1.7987997436523437,1.6202009315351673,2.1553794657760057,0,2023-10-02
117,1.645199966430664,1.4413162042653718,1.8664930540390146,0,2023-10-03
118,1.5249999853280878,1.3471224372093729,1.7196667275469277,0,2023-10-04
119,1.5324001693725589,1.2766378742334192,1.7104321512401823,0,2023-10-05
120,1.5072001266479487,1.3140067499397314,1.775257290803147,0,2023-10-06
121,1.389200096130371,1.3477208961577287,1.7477721991994146,0,2023-10-09
122,1.241111296194571,1.3599240776581036,1.7177714688563006,0,2023-10-10
123,1.082963131092213,1.3614875588711215,1.6836165916564172,0,2023-10-11
124,0.7725926505194772,1.312207047574071,1.6312603699562669,0,2023-10-12
125,0.6833333969116216,1.1574887346315226,1.449179122264474,0,2023-10-13
126,0.707142932074411,1.0742820539373255,1.3528537170148747,0,2023-10-16
127,0.7064285959516258,0.9583940577503711,1.2233767563261326,0,2023-10-17
128,0.7335713931492401,0.7748224839698855,0.9592020647249399,0,2023-10-18
129,1.1488460760850177,0.7858659454064466,1.007988208730521,0,2023-10-19
130,1.3284613902752218,1.084391650693048,1.3833463028903412,0,2023-10-20
131,1.6023997116088873,1.221901760313777,1.6250377844756942,0,2023-10-23
132,2.2323809124174567,1.352822019745407,1.819733042494551,0,2023-10-24
133,2.1945453557101158,1.5213775922724417,2.013120351997289,0,2023-10-25
134,2.2134782127712076,1.65161185988085,2.1237792662707915,0,2023-10-26
135,2.3070833285649615,1.4579739797986293,1.841182009473621,0,2023-10-27
136,2.4060000228881835,1.3197718157606173,1.7052437735053039,0,2023-10-30
137,2.8604546026750044,1.2151060899765909,1.6189662994327376,0,2023-10-31
138,2.1346154946547298,1.0199158162243385,1.2955459537361298,0,2023-11-01
139,1.7215389471787672,0.8186357152813626,0.991799056580483,0,2023-11-02
140,1.231852178220396,0.6197069263072817,0.7815790311536861,0,2023-11-03
141,1.0142860753195628,0.7193769841404452,0.910444775126849,0,2023-11-06
142,0.9233335565637661,0.7432502350158882,0.9652629103208222,0,2023-11-07
143,0.8157144614628385,0.8336766632264608,1.075295056645248,0,2023-11-08
144,0.8437933099680935,0.7781296235761193,1.0137665494352925,0,2023-11-09
145,0.875999959309896,0.9372548611383525,1.224622630097514,0,2023-11-10
146,0.8023332913716636,0.7956434981933398,1.0160192160597497,0,2023-11-13
147,0.887096743429861,0.7698923073593135,0.9743228049805867,0,2023-11-14
148,1.308148172166612,0.7952407871015491,0.9556797751760345,0,2023-11-15
149,1.2703571660178044,0.8405958200762695,0.984714861533366,0,2023-11-16
150,1.1551724466784241,0.8514847602589448,0.9753342989254048,0,2023-11-17
151,1.0927586719907554,0.7381625501766274,0.8181456461105081,0,2023-11-20
152,1.1742856843130915,0.703817941077738,0.8061944080687043,0,2023-11-21
153,1.49115382708036,0.9590507005604438,1.0841809714069697,0,2023-11-22
154,1.6583999633789062,1.1379391026215038,1.524350959615926,0,2023-11-23
155,1.7371997833251953,1.3123402961040196,1.6381658439660036,0,2023-11-24
156,1.4406664848327637,1.4071709932711638,1.7811528306477962,0,2023-11-27
157,1.4517239866585567,1.5929548309828165,1.6552128359357292,0,2023-11-28
158,1.5210713318416045,1.343843549904717,1.5615201796112965,0,2023-11-29
159,1.5849999019077845,1.100390746750228,1.3417233131075113,0,2023-11-30
160,1.6964284692491804,0.9367306233024233,1.163518584392446,0,2023-12-01
161,2.006399879455566,0.9051033568608818,1.0865167209307038,0,2023-12-04
162,2.0979998779296873,0.7787475035128851,0.9242549455321836,0,2023-12-05
163,2.1899999618530273,0.7871860022621281,0.8848403866872675,0,2023-12-06
164,2.2491999435424805,0.8818927716319476,1.3197033513470433,0,2023-12-07
165,2.3811997985839843,0.8289139984077224,0.9087718887849101,0,2023-12-08
166,2.453999786376953,1.1186157952288494,1.5644472124281543,0,2023-12-11
167,3.19649977684021,1.0676968852242126,1.3937308273093403,0,2023-12-12
168,3.3009997844696044,1.211753476337013,1.5939932273100186,0,2023-12-13
169,3.4004998207092285,1.4713317155400634,1.7303603655168673,0,2023-12-14
170,3.492499828338623,1.5298185026514681,1.7028116379593852,0,2023-12-15
171,3.5684998512268065,1.390637081057455,1.8006023565210796,0,2023-12-18
172,3.610999822616577,1.2185327364851575,1.4137139981972893,0,2023-12-19
173,3.651999855041504,1.0603760870359193,1.1782954431668577,0,2023-12-20
174,3.610999870300293,1.120590689872776,1.3680652765617467,0,2023-12-21
175,3.5709999084472654,1.3179857891549107,1.784879734592275,0,2023-12-22
176,3.5424999237060546,1.4659385458439325,1.9366535776135139,0,2023-12-25
177,3.5254999160766602,1.5123821482406001,1.934384728935827,0,2023-12-26
178,3.510499906539917,1.6101116503248998,2.015479232699069,0,2023-12-27
179,3.5379998683929443,1.4262646335834532,1.8801513450253122,0,2023-12-28
180,3.5604998588562005,1.1692371010000837,1.535288838438968,0,2023-12-29
181,3.56949987411499,0.9214526069432251,1.1831688542673076,0,2024-01-01
182,3.600999879837036,0.6381270386135163,0.7704319079481486,0,2024-01-02
183,3.5834999084472656,0.7033144051698467,0.848628133647139,0,2024-01-03
184,3.529999923706055,0.7801476019572013,1.091114287970444,0,2024-01-04
185,3.4764999389648437,0.9378852135989558,1.283851532105853,0,2024-01-05
186,3.426499938964844,0.9339569060280806,1.341853442166596,0,2024-01-08
187,3.403999948501587,1.0285379571638382,1.3335191596086406,0,2024-01-09
188,3.369499921798706,1.0763363237758798,1.3873753097416317,0,2024-01-10
189,3.344499921798706,1.1252978985378825,1.5450549527532151,0,2024-01-11
190,3.3464999198913574,1.0653945569727818,1.3829177302165434,0,2024-01-12
191,3.32549991607666,0.8713916211369515,1.1170136562372892,0,2024-01-15
192,3.318499946594239,0.6437666044867865,0.7719782051807301,0,2024-01-16
193,3.252999925613404,0.7153166750144565,0.8766624667169144,0,2024-01-17
194,2.905454462224787,0.7461155318048224,1.0269671188628804,0,2024-01-18
195,3.016190392630441,0.8592636557923506,1.2893366119715264,0,2024-01-19
196,3.0038094293503534,0.949769820005678,1.33366256707066,0,2024-01-22
197,2.8659090128811924,0.9964614728180932,1.3817510219432012,0,2024-01-23
198,2.755652095960534,0.9908139310700732,1.3545083076144875,0,2024-01-24
199,2.606666604677836,1.049571273552781,1.4250438256457547,0,2024-01-25
200,2.45879997253418,1.1895678000454515,1.5698682389249399,0,2024-01-26
201,2.6352172934490703,0.9774834302805411,1.2444492982182915,0,2024-01-29
202,2.472499887148539,0.8765167090987339,1.1060119271767608,0,2024-01-30
203,2.364399871826172,0.9305454306363935,1.0921684917398695,0,2024-01-31
204,2.351999855041504,0.9063554287835471,1.0177679947576417,0,2024-02-01
205,2.361999855041504,0.9495507537915348,1.2550369543301436,0,2024-02-02
206,2.3419998550415038,1.0068537831625493,1.1758903969982948,0,2024-02-05
207,2.3183998489379882,1.03391476837405,1.246883067286882,0,2024-02-06
208,2.3063998413085938,1.051539503595087,1.3643842226478295,0,2024-02-07
209,2.3007998275756836,0.9778863223461484,1.0890532962927335,0,2024-02-08
210,2.2867998123168944,0.8534793127613953,0.9972619482031425,0,2024-02-09
211,2.2775997924804687,0.9985156589533175,1.1018463704460366,0,2024-02-12
212,2.228399772644043,1.0099174095928949,1.2997151996712697,0,2024-02-13
213,2.0370368604306823,1.1330245958494543,1.4533037765359966,0,2024-02-14
214,2.611904507591611,1.1847007824893951,1.580073924910513,0,2024-02-15
215,2.6180949892316545,1.2511125745966296,1.6477334359776363,0,2024-02-16
216,2.136399765014648,1.3018211393908277,1.7262389341095765,0,2024-02-19
217,2.0355997467041016,1.374661255427602,1.7977774599462628,0,2024-02-20
218,1.7255552786367911,1.5004582288472412,1.9745626579646158,0,2024-02-21
219,1.6222219467163086,1.4264815764303054,2.051371456951856,0,2024-02-22
220,1.5148145534374093,1.3242373097375173,1.8321457916753707,0,2024-02-23
221,1.401428324835641,1.1731866074916646,1.579702152216127,0,2024-02-26
222,1.3079308148088127,1.194416713187646,1.383839144067809,0,2024-02-27
223,1.295861869022764,0.9212474618926696,1.1081083730956167,0,2024-02-28
224,1.3599997929164342,0.9083667682600916,1.139490832425121,0,2024-02-29
225,1.4633331652040835,0.9078883278633072,1.1178050481157584,0,2024-03-01
226,1.6296151968149037,0.6890577795740862,0.8727982477449849,0,2024-03-04
227,1.490689507846175,0.6536313279008409,0.9318869105340014,0,2024-03-05
228,1.431724022174704,0.6522826581995815,0.8359936926223616,0,2024-03-06
229,1.4139284406389514,0.6937354979310457,0.848720654765088,0,2024-03-07
230,1.4017856461661207,0.7600730219597409,0.965771780809561,0,2024-03-08
231,1.3624999182564876,0.9350562074385104,1.1632151452649857,0,2024-03-11
232,1.347777649208352,0.9927637188106655,1.2515461760111506,0,2024-03-12
233,1.4240739610460074,0.9915880456453436,1.1900547999772757,0,2024-03-13
234,1.5203845317547144,1.1343488460595565,1.274513623888776,0,2024-03-14
235,1.539615374345046,1.3316979112610503,1.476516610941995,0,2024-03-15
236,1.5511538798992452,1.468235204012612,1.8133227470553812,0,2024-03-18
237,1.2883870832381714,1.349115682371622,1.7389364102973621,0,2024-03-19
238,1.2293939301461885,1.0920674625894944,1.3701597786984112,0,2024-03-20
239,1.538928474698748,0.6927322568067529,0.8814573259489479,0,2024-03-21
240,1.52275851677204,0.6894287773264783,0.884012809518475,0,2024-03-22
241,1.47666654586792,0.7051518895310811,0.8289759147820441,0,2024-03-25
242,1.5441377902853077,0.7032750521059823,0.8557821785829252,0,2024-03-26
243,1.6171427454267229,0.6662042295502028,0.8047809401430517,0,2024-03-27
244,1.7277776930067275,0.6543869587521997,0.761591140212631,0,2024-03-28
245,1.8211537507864146,0.6780230150599786,0.7826548168446251,0,2024-03-29
246,1.9103998947143555,0.7265225364954213,0.8310352404853332,0,2024-04-01
247,1.8453845244187579,0.9836278878473381,1.145471024188554,0,2024-04-02
248,1.9227999496459964,0.9973486387692452,1.1481524018292244,0,2024-04-03
249,1.9487999725341796,1.0463675239710333,1.1786325672896896,0,2024-04-04
250,1.8581482216163918,1.312407821774207,1.6307834160681454,0,2024-04-05
251,1.907692395723783,1.4928646964479457,1.9142938819134059,0,2024-04-08
252,1.9847999572753907,1.6452706296847899,2.1208363527394836,0,2024-04-09
253,1.8631999588012698,1.8332131567883092,2.3510670742184603,0,2024-04-10
254,1.7751999664306644,1.7559715546406736,2.3102070971374435,0,2024-04-11
255,1.6615999221801758,1.5551676480646364,1.9722133806444233,0,2024-04-12
256,1.6827999114990235,1.3586933551092866,1.8413328456954836,0,2024-04-15
257,1.6880767895625188,1.2797478773034836,1.7714297528434337,0,2024-04-16
258,1.6992305975693927,1.3335819856379674,1.8404074977337348,0,2024-04-17
259,1.6085183178937,1.4314495279647375,2.017532538470702,0,2024-04-18
260,1.6218516738326467,1.595882617717315,2.2960682875966048,0,2024-04-19
261,1.6666664900603123,1.6852996167624148,2.1712654835667022,0,2024-04-22
262,1.5919230534480169,1.5703438297166712,1.9555606251128574,0,2024-04-23
263,1.1247998046875003,1.314987979638017,1.662667078502302,0,2024-04-24
264,0.9103998565673828,1.044279651427969,1.31389940901782,0,2024-04-25
265,0.3852000045776368,0.6653843746429101,0.8399524967246997,0,2024-04-26
266,0.3050000270207724,0.477550256893361,0.5811186838472322,0,2024-04-29
267,0.2082609508348547,0.22673114541058342,0.26676938644426806,0,2024-04-30
268,0.14772722937844,0.12929386452463384,0.15811017220845788,0,2024-05-01
269,0.04904760633196158,0.1504577391014015,0.17791653379112016,0,2024-05-02
270,0.04904760633196158,0.1504577391014015,0.17791653379112016,0,2024-05-03
271,0.0966667447771344,0.2525062256895024,0.3237540501860653,0,2024-05-06
272,0.16545464775779015,0.37834686570524173,0.494646401154752,0,2024-05-07
273,0.230434873829717,0.5114245461527803,0.673357643290791,0,2024-05-08
274,0.3279167811075843,0.5435665320377185,0.703864916261864,0,2024-05-09
275,0.6856000137329099,0.737750341139504,0.913638760254727,0,2024-05-10
276,1.3536000061035156,0.9865120213035226,1.16416833765101,0,2024-05-13
277,1.4291999816894532,1.0193810068057436,1.187626592742363,0,2024-05-14
278,1.5471999740600586,1.0532570264974517,1.21563764852136,0,2024-05-15
279,1.413793169218919,1.141814103114328,1.285751879351479,0,2024-05-16
280,1.5078571864536836,1.305874370331263,1.3870101851346153,0,2024-05-17
281,1.6000000988995593,1.0854640458949614,1.1384902537782606,0,2024-05-20
282,1.7611539547259996,0.8767190519959951,1.0216646520290884,0,2024-05-21
283,1.9696000671386724,0.8784153978257788,1.0406463486063644,0,2024-05-22
284,2.1272000503540043,0.9208918683740431,1.0898361789614313,0,2024-05-23
285,2.256000022888184,0.9343189623639122,1.0928308221694687,0,2024-05-24
286,2.439199943542481,1.0211562911313854,1.1614489921562265,0,2024-05-27
287,2.5504000091552737,1.28311730939779,1.6835767653148803,0,2024-05-28
288,2.659599990844727,1.2284097366550681,1.574941960997748,0,2024-05-29
289,2.7587998580932624,1.1555701210277014,1.4883132086544724,0,2024-05-30
290,3.461499881744385,1.180283128903242,1.5304321378982593,0,2024-05-31
291,3.489999866485596,1.2916377228898188,1.650287379758252,0,2024-06-03
292,3.5089998722076423,1.406661452011843,1.779160141107755,0,2024-06-04
293,3.5124998569488524,1.5595605647304176,1.9767129035164188,0,2024-06-05
294,3.530999851226807,1.3362510358336215,1.7203200452253693,0,2024-06-06
295,3.536499834060669,1.2047350809218258,1.558793955141229,0,2024-06-07
296,3.5529998302459718,0.9901904265423096,1.2391909975725133,0,2024-06-10
297,3.5959998607635506,0.7403430579942488,0.9050800207909486,0,2024-06-11
298,3.6244998455047606,0.7461487771084436,0.9610412027323956,0,2024-06-12
299,3.6449998378753667,0.7730613562045405,0.9986551422250045,0,2024-06-13
300,3.668999862670899,0.6228991514682009,0.7798005345898834,0,2024-06-14
301,3.635499858856202,0.601980640584908,0.7715354933380633,0,2024-06-17
302,3.6054998397827154,0.6545698679991567,0.8409411051125576,0,2024-06-18
303,3.583499813079835,0.6513682956967577,0.8498662882222273,0,2024-06-19
304,3.5829998016357427,0.643261924420558,0.8180100965162643,0,2024-06-20
305,3.557499837875367,0.6827591981201059,0.8501557456938648,0,2024-06-21
306,3.4939998626708983,0.7736259330165929,0.933824318745771,0,2024-06-24
307,3.423999881744385,1.067004166490976,1.20472143023491,0,2024-06-25
308,3.4279998779296874,1.5845804893024888,1.9499811930957551,0,2024-06-26
309,3.514499855041504,1.631537927485794,1.9884792269130207,0,2024-06-27
310,3.6259998798370363,1.3507488397528746,1.737384252240019,0,2024-06-28
311,3.649999904632568,0.9822982103564081,1.2818389027342028,0,2024-07-01
312,3.69449987411499,0.7544551101791082,1.000959957477552,0,2024-07-02
313,3.7509998798370363,0.6160897886528105,0.7493793027027364,0,2024-07-03
314,3.7779998779296875,0.6772912613189813,0.7614768545295206,0,2024-07-04
315,3.802499866485596,0.6923600599854677,0.7798858787978477,0,2024-07-05
316,3.7894999027252196,0.7102045885761087,0.8000038137322076,0,2024-07-08
317,3.8079998970031737,0.6533365980980143,0.7604215972276892,0,2024-07-09
318,3.8249999046325684,0.6348328267372336,0.8010477531009795,0,2024-07-10
319,3.7844998836517334,0.772857698333696,0.9393973149828331,0,2024-07-11
320,3.735499858856201,0.7932917057934775,0.9869576238460512,0,2024-07-12
321,3.745499849319458,0.8219962152902762,0.9596415988533364,0,2024-07-15
322,3.726999855041504,0.8426537155479149,0.9772580247317514,0,2024-07-16
323,3.682499885559082,1.1641951989177408,1.2998368972226197,0,2024-07-17
324,3.573499917984009,1.6270281039735792,1.9414656938212917,0,2024-07-18
325,3.201818119395863,1.599994163764584,2.1380930523936845,0,2024-07-19
326,3.3123808815365745,1.6236052326732138,2.2701031050995994,0,2024-07-22
327,2.6575999069213867,1.70383524308525,2.341298832900648,0,2024-07-23
328,2.526399917602539,1.7102762760873622,2.5093243038358124,0,2024-07-24
329,2.428461478306697,1.6482616462492587,2.343663343757326,0,2024-07-25
330,2.4563998413085937,1.55453099884214,2.1270373895114143,1,2024-07-26
331,2.285599822998047,1.4537003528854304,2.054402466800755,1,2024-07-29
332,2.0688460056598372,1.3976844367612047,2.008501203888643,1,2024-07-30
333,1.9014813458478008,1.3690672783779876,1.8597306390820951,1,2024-07-31
334,1.7960001373291015,1.356958202833563,1.6945256911988968,1,2024-08-01
335,1.7288001251220704,1.3733994986986482,1.8069759814180764,1,2024-08-02
336,1.7037037037037042,1.3662071695907718,1.8023148931233663,0,2024-08-05
337,2.2807406672724975,1.5163265050051429,2.1192248641158993,0,2024-08-06
338,2.539629688969365,1.7389643808132786,2.1333307774177888,0,2024-08-07
339,2.997307777404785,1.6684090352196848,2.286606349467817,0,2024-08-08
340,3.3320001220703124,1.7448171117691607,2.394781014628587,0,2024-08-09
341,3.5329168240229287,1.5154649483793807,1.9605930411166679,0,2024-08-12
342,3.5268001174926757,1.233466601595957,1.6109906067730824,0,2024-08-13
343,2.809355151268744,0.9661828234039054,1.2784169944515393,0,2024-08-14
344,2.614643028804234,0.757376756425656,0.9999656888334679,0,2024-08-15
345,2.3482143538338796,0.5252266237709649,0.6470488498150521,0,2024-08-16
346,2.169310503992541,0.46256139898477944,0.5975679642805208,0,2024-08-19
347,2.1113333702087402,0.4706586828610881,0.621135105124536,0,2024-08-20
348,2.502307781806359,0.4723227379566381,0.6314021038308318,0,2024-08-21
349,2.3285184789586952,0.47454492742302945,0.6377601009815502,0,2024-08-22
350,2.211428471973964,0.4802994320225333,0.6876928451792333,0,2024-08-23
351,2.320370497526946,0.4770326717285057,0.6733237120421235,0,2024-08-26
352,2.2467858450753346,0.4857651345814733,0.6692135759051494,0,2024-08-27
353,2.0380001703898114,0.5200116073072806,0.647817766990237,0,2024-08-28
354,2.4656667709350586,0.5965293102178773,0.7359123716822162,1,2024-08-29
355,3.122799949645996,0.9067908943122354,1.178844092922847,1,2024-08-30
356,2.801110938743309,1.3509095874340196,1.724660646719259,1,2024-09-02
357,2.048518428096065,1.2409145973576743,1.6471667893694486,0,2024-09-03
358,1.6982757305276805,1.405277331359917,1.7643434237325617,0,2024-09-04
359,1.55407389888057,1.5414869421992896,1.874677904881597,0,2024-09-05
360,1.4538459777832036,1.5814105547371968,1.9031564844727364,0,2024-09-06
361,1.5457690312312204,1.5637765130428412,1.9400815971929914,0,2024-09-09
362,1.5119229830228371,1.6149062036094466,2.0526399574572136,0,2024-09-10
363,1.5634614504300637,1.6848082156589388,2.2441837744216295,0,2024-09-11
364,1.67807700083806,1.3863598938361006,1.8330282315398674,0,2024-09-12
365,1.685769044435941,1.0743648321818613,1.385859700093216,0,2024-09-13
366,1.27538460951585,0.7976397781454981,0.9885275804424221,0,2024-09-16
367,1.130384591909555,0.5995673312890094,0.7620417046763986,0,2024-09-17
368,1.1407691148611212,0.6189835588856601,0.7857140299733548,0,2024-09-18
369,1.1603845082796533,0.6325155630684219,0.8026295040180266,0,2024-09-19
370,0.9560714108603339,0.6836135448315889,0.8729698190594957,0,2024-09-20
371,0.8896427154541013,0.6457550575081924,0.7275969652692611,0,2024-09-23
372,0.7944827901905979,0.48093591904228056,0.6195381437995761,0,2024-09-24
373,0.7199998923710412,0.41100353478024276,0.529664957932347,0,2024-09-25
374,0.6860713277544291,0.44040202082524127,0.5356221836309788,0,2024-09-26
375,0.7078570297786165,0.443354578908875,0.5482941208802197,0,2024-09-27
376,0.7646427495138983,0.5317825577247561,0.6577651028790714,1,2024-09-30
377,1.4807692674490123,0.9404637811451607,1.0883911565868916,0,2024-10-01
378,1.4784615590022165,1.0944627242256109,1.2386576947404215,0,2024-10-02
379,1.4492307809683,1.342275752858881,1.4970152149546327,0,2024-10-03
380,1.5088461362398593,1.5518129189217547,1.988140491533703,0,2024-10-04
381,1.4015384820791397,1.610094466816817,2.0874330038426026,0,2024-10-07
382,1.5014814447473608,1.6432144600879623,2.1214629073399816,0,2024-10-08
383,1.5639285360063835,1.782998132619551,2.2826727785626018,0,2024-10-09
384,1.935769044435942,1.7686308279514522,2.463208057412068,0,2024-10-10
385,2.2459998321533217,1.6896312439761787,2.404476363768584,0,2024-10-11
386,2.0988460320692806,1.567050804790123,2.0116880978620326,0,2024-10-14
387,2.1703999710083015,1.3278805807325669,1.6483788820006162,0,2024-10-15
388,2.2674999634424853,1.247502083204742,1.5857768536229875,0,2024-10-16
389,2.300000024878461,1.1687098247201788,1.4702416334572834,0,2024-10-17
390,2.4004546512256977,1.0923811918631363,1.3668337818930505,0,2024-10-18
391,1.7892311903146594,1.076487967845494,1.3619161995495972,0,2024-10-21
392,1.7096300831547486,1.1125158152536196,1.3675767671472199,0,2024-10-22
393,1.6110718931470596,0.8896834468095968,1.0984508048499775,0,2024-10-23
394,1.5572418344431909,0.7716014778752345,0.955707526734465,0,2024-10-24
395,1.7444830598502319,0.5999910915820766,0.7249792784386186,0,2024-10-25
396,1.724666881561279,0.6267476542398916,0.7275489210600484,0,2024-10-28
397,2.225172536126499,0.6874993927243045,0.8560630510113701,0,2024-10-29
398,2.1696666399637867,0.7468092550186589,0.9088481357992536,0,2024-10-30
399,2.4678569861820767,0.856945960387839,1.034492132982193,0,2024-10-31
400,2.599285500390189,1.133558416758081,1.409526661841967,0,2024-11-01
401,3.4809088706970215,1.652142003761732,2.037085417345982,0,2024-11-04
402,3.5004543391141025,1.7672695280612007,2.1963986293598956,0,2024-11-05
403,3.6299997511364164,1.8836084088685792,2.4487523563504827,0,2024-11-06
404,2.2162964079115124,1.262744647256209,1.5879279736568515,0,2024-11-07
405,1.8544445391054505,1.0278085411675795,1.4111007029210512,0,2024-11-08
406,1.7716002273559568,1.0613627648475106,1.4000225376763842,0,2024-11-11
407,1.6172002029418941,0.9710512281720081,1.2973248005725977,0,2024-11-12
408,1.5024002456665033,0.8305974998727228,1.0740093197796896,0,2024-11-13
409,1.4103848750774675,0.80216999859103,1.0333415540006818,0,2024-11-14
410,1.3318521005135995,0.796828808873481,1.019551987563054,0,2024-11-15
411,1.3578573295048304,0.7636162334308462,0.97060445845653,0,2024-11-18
412,1.3117859363555908,0.7574294362473559,0.9595169816868517,0,2024-11-19
413,1.6453846784738384,0.7302686706526884,0.9033231076150049,0,2024-11-20
414,1.6396296819051097,0.7189868116482864,0.8599602479137903,0,2024-11-21
415,1.8688000869750971,0.7337066873566599,0.8671776958580147,0,2024-11-22
416,1.7600001188424916,0.7666423725633956,0.893365484776691,0,2024-11-25
417,1.8108001708984376,0.8413997871134608,0.9457950174571067,0,2024-11-26
418,1.873461209810697,1.1089181750530746,1.2150005310622378,0,2024-11-27
419,1.5822219142207392,1.2324487087107865,1.6094333781656627,0,2024-11-28
420,1.2114283016749792,1.378177260026709,1.8400655809999826,0,2024-11-29
421,1.0442855017525807,1.158674256432418,1.5359844306560078,0,2024-12-02
422,0.7476664225260414,0.863749485958532,1.1745969790352195,0,2024-12-03
423,0.7355552602697296,0.6127300319852309,0.7484535739618902,0,2024-12-04
424,0.7739283357347756,0.6737383867609924,0.8482821285753829,0,2024-12-05
425,0.8599997626410585,0.7068032627737528,0.9040653607818571,0,2024-12-06
426,0.9703843410198503,0.6407609407612197,0.8351857217140601,0,2024-12-09
427,1.050799751281738,0.5917837888096201,0.7969195907273792,0,2024-12-10
428,1.1091997146606443,0.5887680476892246,0.7975816616166528,1,2024-12-11
429,1.169615232027494,0.6316735754176386,0.8282932691187918,1,2024-12-12
430,1.277199821472168,0.8168032638432206,0.9787515402044655,1,2024-12-13
431,1.4247998809814453,0.885662336700526,1.0307829284378152,1,2024-12-16
432,1.4744443187007197,1.2591714659404414,1.6444343698098083,1,2024-12-17
433,1.5864283697945731,1.635023229948413,2.073167602079283,0,2024-12-18
434,2.138845993922307,1.533977572235232,1.9958718926157317,0,2024-12-19
435,2.5739998626708984,1.648243472560513,2.205723089958202,0,2024-12-20
436,2.735199851989746,1.7428807810673796,2.2598987435867244,0,2024-12-23
437,2.720799903869629,1.751856607653518,2.3798561839351073,0,2024-12-24
438,2.358799819946289,1.4070381423455618,1.8883121105616465,0,2024-12-25
439,2.1539998626708985,1.123820554635391,1.5481723917265586,0,2024-12-26
440,1.908399887084961,0.9408349570484853,1.317267201435314,0,2024-12-27
441,1.7311999130249023,0.8138561059013861,1.1276804127360551,0,2024-12-30
442,1.5187999725341794,0.6971475320494009,0.9747532486888421,0,2024-12-31
443,1.47879997253418,0.729449775788185,1.0113429747639207,0,2025-01-02
444,1.5115999984741213,0.7516300597175666,1.0283754262940616,0,2025-01-03
445,1.4759999847412113,0.8167380221571928,0.9801514058801603,0,2025-01-06
446,1.4060000610351566,0.9011815914842113,1.0434552728558821,0,2025-01-07
447,1.464000053405762,0.8821927514545719,1.0374418695769403,0,2025-01-08
448,1.412222297103317,0.8805315258233283,1.1190030135600433,0,2025-01-09
449,1.5888000106811526,0.9366128355175601,1.200823475755093,0,2025-01-10
450,1.6353846696706922,1.0133303003141827,1.2799492663911536,0,2025-01-13
451,1.8280770595257099,1.1505281801643106,1.4066076658123965,0,2025-01-14
452,1.9265384674072266,1.4123444596365125,1.69653852473694,0,2025-01-15
453,1.5903333346048991,1.715020343042047,2.217484832642856,0,2025-01-16
454,1.2838462316072905,1.4829659071453225,1.9442909635226562,0,2025-01-17
455,0.7896296536480939,1.0522314312490129,1.3727060691636574,0,2025-01-20
456,0.6625926406295214,0.9439234578606078,1.203793708437528,0,2025-01-21
457,0.5321428775787356,0.7975633972731864,1.0331802256295795,0,2025-01-22
458,0.4789656935067011,0.6619365329557942,0.7327727380560112,0,2025-01-23
459,0.43033345540364565,0.6520571621628926,0.7699869743133587,0,2025-01-24
460,0.42066679000854484,0.7700601697124054,0.9370872629579013,0,2025-01-27
461,0.6761539165790265,0.7430462637339523,0.9238156587041383,0,2025-01-28
462,0.6442308792701137,0.7717769709450728,0.9310303842566456,0,2025-01-29
463,0.599615500523494,0.7590652347109591,0.9050402772043089,0,2025-01-30
464,0.5144445984451862,0.715977725622707,0.8490865663893383,0,2025-01-31
465,0.5207145214080814,0.7820739999010992,0.9178993391152916,0,2025-02-03
466,0.9285186838220669,0.9091563070282046,1.0445075083026265,0,2025-02-04
467,1.0876924441410947,1.0970531673114352,1.2407542349779088,0,2025-02-05
468,1.1738463181715746,1.3650247479236057,1.5031611962932856,0,2025-02-06
469,0.874827582260658,1.5840174418281017,2.0146630473553553,0,2025-02-07
470,0.6335483981717017,1.2482783279567229,1.6562021292062723,0,2025-02-10
471,0.5596666971842448,1.1095071795812796,1.4114452707037806,0,2025-02-11
472,0.49413805994494225,1.0617504209783712,1.386658038599305,0,2025-02-12
473,0.4993104934692385,0.9348246835131239,1.2367783718619603,0,2025-02-13
474,0.3851723177679652,0.7986737074059337,0.9531296782197152,0,2025-02-14
475,0.38499988828386555,0.6247085436086558,0.8062316042058763,0,2025-02-17
476,0.4160713468279155,0.6025083432351562,0.7712001650837391,0,2025-02-18
477,0.40607135636465863,0.6001570228581835,0.7642436397679828,0,2025-02-19
478,0.4225924809773761,0.6282813664092005,0.7979643717355089,0,2025-02-20
479,0.45259246119746427,0.8139700349426758,1.0151811093092131,0,2025-02-21
480,0.5089284351893834,0.8859608588215471,1.1244681541882946,0,2025-02-24
481,0.6740740316885488,0.9695605724385394,1.2715858063745975,0,2025-02-25
482,0.8876923047579252,1.210080113283667,1.5981485598946361,0,2025-02-26
483,1.0403845860407903,1.4167361178650881,1.8577580661630493,0,2025-02-27
484,1.5087997817993162,1.6553171655325674,2.164655694354438,0,2025-02-28
485,1.655184851752387,1.852669656067514,2.474390711232157,0,2025-03-03
486,1.9023074370164141,1.6923565658647304,2.4138091460469804,0,2025-03-04
487,1.9676922284639804,1.6116048847044644,2.2895550863787117,1,2025-03-05
488,2.0643999099731447,1.5969601604844823,2.2467826381433,0,2025-03-06
489,2.300399971008301,1.5594622080274463,2.249393047400912,0,2025-03-07
490,2.4552000808715824,1.5892395720791035,2.2363161637892195,0,2025-03-10
491,2.8124001312255857,1.5632427840222054,2.1339504333295407,0,2025-03-11
492,3.1404001617431643,1.5797957367487176,2.100659947176536,0,2025-03-12
493,3.2623078639690695,1.5842130962215724,2.126621716557899,0,2025-03-13
494,4.125000260092995,1.5755956471349526,2.0045038303826788,0,2025-03-14
495,4.428571746462867,1.3770258148573622,1.730504949756817,0,2025-03-17
496,4.267272992567583,1.187599944934541,1.4735803578915982,0,2025-03-18
497,4.192608999169392,1.052608895896064,1.3185309926372046,0,2025-03-19
498,4.062083601951599,0.8290410652619654,1.061450229343103,0,2025-03-20
499,4.391599998474121,0.609624040250906,0.7327720001933765,0,2025-03-21
500,4.568400154113769,0.5100657366041342,0.604675065962974,0,2025-03-24
501,3.6010347892498147,0.5012131020285018,0.6024923516338169,0,2025-03-25
502,3.3456669807434083,0.5866682926886371,0.7165293913140327,0,2025-03-26
503,4.010000190734863,0.7114203314933533,0.894736545337095,1,2025-03-27
504,3.912400245666504,0.7087257976786137,0.8805857934583221,1,2025-03-28
505,4.24625027179718,0.7209241916763788,0.9005474980430327,1,2025-03-31
506,4.126400260925293,0.7292936253674803,0.9030196488983104,1,2025-04-01
507,4.128400230407715,0.7511588552864457,0.918947466073444,1,2025-04-02
508,4.369583566983541,0.8809038799972159,1.0485641607818201,1,2025-04-03
509,4.873913267384404,1.1234516579345426,1.2961865271799262,1,2025-04-04
510,6.187272982163862,1.5128187567249853,1.8645827340623495,0,2025-04-07
511,7.122727437452837,1.7203280674343497,2.199796251770819,0,2025-04-08
512,8.697619256519136,1.7501943638454867,2.4412354753668026,1,2025-04-09
513,9.62900013923645,1.81038685398216,2.4240370303276717,0,2025-04-10
514,9.069565441297447,1.7433464265790277,2.3608743994690062,0,2025-04-11
515,9.695217671601668,1.5523985149058837,2.0235336541527236,0,2025-04-14
516,10.085652434307596,1.315819252538209,1.6805301900220457,0,2025-04-15
517,9.951250274976095,1.1149882926252959,1.390310666075771,0,2025-04-16
518,10.000400276184083,0.8747381679675684,1.0580599384794307,0,2025-04-17
519,10.345600395202636,0.8734652405177552,1.037322513864903,0,2025-04-18
520,11.610000237174656,0.8980827496990814,1.0867714581149484,0,2025-04-21
521,11.720416903495789,0.915154278079871,1.1203749893230401,0,2025-04-22
522,12.43125037352244,0.9333026977606833,1.1407486232117676,0,2025-04-23
523,12.37480052947998,0.9230630254118259,1.1317584358215529,0,2025-04-24
524,15.992500352859498,0.8605068665933657,0.9205617270199713,0,2025-04-25
525,16.152000379562377,0.5854880201293501,0.7279833911683883,0,2025-04-28
526,16.295500326156617,0.4972694801996654,0.6155255671872897,0,2025-04-29
527,16.41550030708313,0.5576567590337127,0.6607685008985112,0,2025-04-30
528,16.57500033378601,0.7115064919138162,0.8514839570477417,0,2025-05-01
529,16.304000329971313,0.9966678056660558,1.1361339320615247,0,2025-05-02
530,15.172500276565552,1.2452499038253522,1.4028243756972012,0,2025-05-05
531,14.005500268936157,1.2632156612764005,1.4327117141610275,0,2025-05-06
532,12.627000188827514,1.0178748834441702,1.1522436028934073,0,2025-05-07
533,12.123500204086303,1.2114232870939212,1.4726098674889359,0,2025-05-08
534,11.211500120162963,0.9914873278229631,1.2156817340767072,0,2025-05-09
535,10.428500032424926,0.7114561284778005,0.8325707304047145,0,2025-05-12
536,7.674799995422363,0.7365691688700106,0.8819013103022326,0,2025-05-13
537,7.164799919128418,0.9404950570784674,1.1081223762500831,0,2025-05-14
538,6.603999977111816,0.9322249603345506,1.1273906732931456,0,2025-05-15
539,6.0532001113891605,1.0848426120042407,1.267592682811165,0,2025-05-16
540,5.464400062561035,1.3344158592045645,1.5600386622431086,0,2025-05-19
541,4.850800056457519,1.2877694698218507,1.529377783970834,0,2025-05-20
542,4.319599952697754,1.1896882517739742,1.4286908289586424,0,2025-05-21
543,4.056399955749511,1.0696987851785913,1.3234513024379084,0,2025-05-22
544,4.050416668256124,1.003816381885369,1.2491469020221833,0,2025-05-23
545,4.2021739379219385,1.0336647233368828,1.2758440568287035,0,2025-05-26
546,4.3536364381963555,0.9901511707810678,1.22235513065129,0,2025-05-27
547,4.407619067600796,1.1087971127961644,1.3290843989336096,0,2025-05-28
548,4.259523709615072,1.1213409316179381,1.302465972240028,0,2025-05-29
549,3.9618180448358715,1.1505167141515562,1.2610117824105769,0,2025-05-30
550,3.0851853335345236,1.4464309717258452,1.5673345424310068,0,2025-06-02
551,2.932692564450778,1.2814580690608524,1.6895792532923648,0,2025-06-03
552,2.4200002529003,0.9099036669245097,1.1754084383270973,0,2025-06-04
553,2.144444889492459,0.6128924426923018,0.8210895143562115,0,2025-06-05
554,2.092800331115723,0.5446397681971934,0.6887698986001247,0,2025-06-06
555,1.6756003189086914,0.48320144655629466,0.7009768398119456,0,2025-06-09
556,1.5388464927673338,0.48505961419445703,0.6931030037212004,0,2025-06-10
557,1.393703990512424,0.5487539319347159,0.7463047542278725,0,2025-06-11
558,1.2460717133113317,0.5673869685037806,0.7562406669458732,0,2025-06-12
559,1.2696431364331926,0.5577620262715931,0.7689550394416904,0,2025-06-13
560,1.5951854917738173,0.6717837518102279,0.853198358093831,0,2025-06-16
561,1.680000340497052,0.827147412072848,0.9615442711427371,0,2025-06-17
562,2.5554547309875484,1.0559658417102953,1.209396719315489,0,2025-06-18
563,2.6218182390386406,1.2843317714255529,1.403739823166457,0,2025-06-19
564,2.5895651527073076,1.7784359658019475,2.1684977059251067,0,2025-06-20
565,2.496249874432882,1.7769966187187718,2.249777193522084,0,2025-06-23
566,2.43791671593984,1.6065904814723944,2.146394738194404,0,2025-06-24
567,1.9099998814719064,1.2581480567044223,1.6611969554145654,0,2025-06-25
568,1.8336001205444332,0.8093441284232111,1.0363527093174767,0,2025-06-26
569,1.6288000106811524,0.4760555062577966,0.6561574134429862,0,2025-06-27
570,1.3647999954223633,0.47363425789480346,0.6032298577639942,0,2025-06-30
571,1.2569230519808259,0.4680635452999772,0.5770561606093825,0,2025-07-01
572,1.1751852035522463,0.4570492160665722,0.5598430529954551,0,2025-07-02
573,1.1042856829507013,0.4444301754264098,0.539376579050366,0,2025-07-03
574,1.0453571251460487,0.38683390510374205,0.4618572310907532,0,2025-07-04
575,1.151153894571158,0.4122057090652774,0.4912838946595719,0,2025-07-07
576,1.1996155151954067,0.42812705352422503,0.5306584098278441,0,2025-07-08
577,1.2792308147136984,0.47603649385454583,0.5740634193110532,0,2025-07-09
578,1.1087501347064972,0.543056544370694,0.6042288600010033,0,2025-07-10
579,1.3038713393672816,0.7089731491473874,0.8027024953713274,0,2025-07-11
580,1.2059379220008843,0.6983994139647881,0.7480257111304608,0,2025-07-14
581,1.4075864923411405,1.0842009524345193,1.489269992842331,0,2025-07-15
582,1.387143066951207,1.2218245995374901,1.5993220305121973,0,2025-07-16
583,1.4303997421264651,1.5094338763974933,1.9651400729636017,0,2025-07-17
584,1.2683995819091798,1.482408561995169,1.889513177305243,0,2025-07-18
585,1.0684611247136042,1.298337859847074,1.6488471782376564,0,2025-07-21
586,0.9835995483398441,1.2375522741904292,1.63677800574624,0,2025-07-22
587,0.9467995834350589,1.218187199284251,1.5413818600470661,0,2025-07-23
588,0.6369997024536135,1.0563917711441229,1.3626313528882548,0,2025-07-24
589,0.6389652120655983,0.9570939923174429,1.2501706326911701,0,2025-07-25
590,0.634999717984881,0.9138474346983009,1.2163077094771435,0,2025-07-28
591,0.6339283330099926,1.026627069997632,1.3079266177250486,0,2025-07-29
592,0.6367855412619458,1.0154185806539753,1.2751161872908656,0,2025-07-30
593,0.5807140895298553,0.9633983988442366,1.1981027012604537,0,2025-07-31
594,0.6351850297715933,0.9767284397008885,1.2552846846470547,0,2025-08-01
595,0.8070368943391025,1.1256091804567043,1.4395556809607497,0,2025-08-04
596,0.8140739864773223,1.1887215074329007,1.5990060026074824,0,2025-08-05
597,0.899999985328088,1.2828819662784303,1.698142529678104,0,2025-08-06
598,0.9696153860825765,1.4732310955680492,1.9105817688033075,0,2025-08-07
599,1.0611109910187901,1.596648612991018,2.081295313957897,0,2025-08-08
600,0.9753844921405499,1.2194672802257032,1.6560905493514215,0,2025-08-11
601,0.792692074408898,1.021559105486755,1.345454412145707,0,2025-08-12
602,0.6569228172302246,0.6792137978444173,0.8736539662954782,0,2025-08-13
603,0.4439997482299807,0.47819228202259945,0.6020002256685298,0,2025-08-14
604,0.42799976348876967,0.5157780979668,0.6724339756133403,0,2025-08-15
605,0.40879978179931675,0.473594004099637,0.6075120026141151,0,2025-08-18
606,0.39583313465118447,0.43829613626256025,0.5813457834768209,0,2025-08-19
607,0.41541647911071816,0.47304269041053437,0.6341582139881924,0,2025-08-20
608,0.4195831219355268,0.4996700242347326,0.66721096597081,0,2025-08-21
609,0.4986954564633579,0.5112787384238279,0.7034965382524794,0,2025-08-22
610,0.45249986648559576,0.5411438518847916,0.7060202721429031,0,2025-08-25
611,0.4295999145507814,0.5852497296344759,0.6926978649384175,0,2025-08-26
612,0.48839992523193365,0.6581078196917411,0.7697203792919269,0,2025-08-27
613,0.8087998199462895,0.9531437861136782,1.0695371708518029,0,2025-08-28
614,1.142000007629395,1.314481325756753,1.608207684420396,0,2025-08-29
615,0.8807141440255302,1.3207291845827256,1.6962363594315208,0,2025-09-01
616,0.7728569848196847,1.16536883559515,1.5133132593685927,0,2025-09-02
617,0.7592855521610805,1.0954014892970076,1.413368919759235,0,2025-09-03
618,0.7362067123939251,1.1076711207387526,1.5098557534065777,0,2025-09-04
619,0.7186205962608601,1.141360156037274,1.4832129432843635,0,2025-09-05
620,0.708571297781808,1.1653343764041268,1.5050459233189077,0,2025-09-08
621,0.8165382972130408,1.1625553417883443,1.5992686761431036,0,2025-09-09
622,0.8146152129540076,1.248853398428186,1.6508017793883487,0,2025-09-10
623,0.7599998987638032,1.132385259613516,1.4644801870847706,0,2025-09-11
624,0.614814687658239,0.9413453654829099,1.2173366982628628,0,2025-09-12
625,0.5351722980367726,0.7078290231068095,0.8884136812908437,0,2025-09-15
626,0.5062067426484209,0.7606041056180637,0.9730952299357654,0,2025-09-16
627,0.5317855562482565,0.8039824364492208,1.0425884791241753,0,2025-09-17
628,0.5399998205679438,0.8324080764489158,1.1211680250147864,0,2025-09-18
629,0.5596295109501596,0.8772626904441393,1.1837052665116088,0,2025-09-19
630,0.5262961917453349,0.9184455436905169,1.1080036718464998,0,2025-09-22
631,0.5947999191284188,0.9397858068776522,1.1508168887960946,0,2025-09-23
632,0.7195998001098638,0.9757964809609102,1.2188006229396509,0,2025-09-24
633,0.8215999221801761,1.2225010245802335,1.5540996174656738,0,2025-09-25
634,0.959999923706055,1.5226709588235514,1.8715734809400701,0,2025-09-26
635,0.6743330955505373,1.5802367163578686,1.9862968184922984,0,2025-09-29
636,0.703103197032008,1.3971980515170603,1.7588867072199397,0,2025-09-30
637,0.715714045933315,1.2456273515397538,1.5947061399322717,0,2025-10-01
638,0.7637035228587966,1.208606990797862,1.5432695082661059,0,2025-10-02
639,0.8257692410395698,1.192114163081282,1.508744686212603,0,2025-10-03
640,0.7785185707939998,1.1819990967992091,1.5321067212775554,0,2025-10-06
641,0.8022223225346321,1.2697997390213998,1.700216787150979,0,2025-10-07
642,0.9525000254313154,1.4140427769978319,1.8227980487682094,0,2025-10-08
643,0.9929166237513227,1.4917840826561755,1.95755797620581,1,2025-10-09
644,0.9695999526977542,1.4455979752425037,1.8323345861575626,0,2025-10-10
645,1.2158333460489912,1.6782060783178525,2.18518873905723,1,2025-10-13
646,1.329166650772095,1.9537861224000224,2.6983288724380197,0,2025-10-14
647,1.440799827575684,2.040961395059743,2.7465543206186047,0,2025-10-15
648,1.4942306371835568,1.6952157079642274,2.282746437833647,0,2025-10-16
649,1.9011998367309575,1.6277682345455178,2.269622131218707,0,2025-10-17
650,2.1429165204366054,1.6730031699495211,2.3620647898470613,0,2025-10-20
651,2.234166502952576,1.5655375137907752,2.103262858387448,0,2025-10-21
652,1.9442309966454139,1.2267297081472632,1.6353540634485464,0,2025-10-22
653,1.8403848868149977,0.9350317365330589,1.1986329722851834,0,2025-10-23
654,1.6111110404685691,0.8010111215489395,1.0459654323907794,0,2025-10-24
655,1.4708002090454102,0.7119051600732073,0.9499605378895118,0,2025-10-27
656,1.2423999404907227,0.6112619126898057,0.7620989519349088,0,2025-10-28
657,1.0546153508699858,0.5545811758547818,0.7064037922361218,0,2025-10-29
658,1.0676921330965485,0.5663891865910521,0.7158263938110947,0,2025-10-30
659,1.0980767470139727,0.582857810394225,0.7310017187992659,0,2025-10-31
660,1.1480767543499288,0.6051450047524426,0.7561748758889404,0,2025-11-03
661,1.1984613125140853,0.6125532406844593,0.7632897484565982,0,2025-11-04
662,1.2857689857482912,0.6185487837308059,0.8225843164503341,0,2025-11-05
663,1.3823076394888074,0.7008021083833831,0.9177684965738597,0,2025-11-06
664,2.1324000930786133,0.9005566446596549,1.111768620531652,0,2025-11-07
665,2.0688462624183073,1.0062775466077085,1.2222620662055466,0,2025-11-10
666,2.317499836285909,1.230018332337122,1.4105217369282999,1,2025-11-11
667,2.1476001739501953,1.6421927194703008,2.0423064730173257,1,2025-11-12
668,1.8961539268493652,1.546037526065707,2.0514753979216507,1,2025-11-13
669,1.4375001362391877,1.3520437969731207,1.7350996013453333,1,2025-11-14
670,1.2910714830671037,1.2325448175428504,1.6976546441057336,0,2025-11-17
671,1.4462963386818215,1.2670901747839531,1.737319113969903,0,2025-11-18
672,1.7161538784320538,1.4626144187363852,1.9264954482959178,0,2025-11-19
673,1.9372000122070312,1.6730538634956524,2.16955032788244,0,2025-11-20
674,2.3458333810170493,1.697824766211505,2.1178850266869667,0,2025-11-21
675,2.5076000595092776,1.9124777288996477,2.173069850978543,0,2025-11-24
676,2.6265384600712705,1.6456530212454663,2.1848765385362823,0,2025-11-25
677,2.5485713481903076,1.282318397028488,1.6989676099957998,0,2025-11-26
678,2.1717242865726867,0.8893486697771044,1.174753612559074,0,2025-11-27
679,2.1689657342844995,0.5706514922466865,0.751678632942693,0,2025-11-28
680,1.869000212351481,0.4837662583280556,0.5956482828564653,0,2025-12-01
681,2.2864002609252925,0.48551475455314264,0.6117168338847421,0,2025-12-02
682,2.0919233835660487,0.4671583444888303,0.602228894096816,0,2025-12-03
683,1.9125928172358755,0.46042205466144354,0.5948784113654904,0,2025-12-04
684,1.547000153859456,0.4799884534454431,0.6115323094006815,0,2025-12-05
685,1.380322794760427,0.499638529822126,0.6355994470126626,0,2025-12-08
686,1.4103228046048073,0.5524337015915949,0.6943018501251731,0,2025-12-09
687,1.4964517777965916,0.5556558029777878,0.6943663415167505,0,2025-12-10
688,2.263600082397461,0.550210297442583,0.6719554178373385,0,2025-12-11
689,2.2008000946044923,0.5582919772125993,0.6814972428999322,0,2025-12-12
690,2.0437036796852395,0.771540861775183,0.8806422986385045,0,2025-12-15
691,1.930370366131818,1.0257159588456561,1.393960131319954,0,2025-12-16
692,1.8403845200171838,1.207122049777042,1.6143329110139084,0,2025-12-17
693,1.719999936910776,1.4250455245003064,1.8274709288618651,0,2025-12-18
694,1.401153894571158,1.4721067057358583,1.8867985195556676,0,2025-12-19
695,1.088076994969295,1.4831304206248928,1.8457366388962453,0,2025-12-22
696,0.8548275191208413,1.442512312294779,1.631158907519802,0,2025-12-23
697,0.7563332875569662,1.4767317386992787,1.805188554595776,0,2025-12-24
698,0.7106248736381529,1.3410794572801938,1.7316657036199603,0,2025-12-25
699,0.7258618453453325,1.2207680325048218,1.5657396844803189,0,2025-12-26
700,0.6919997533162434,1.0874754360029022,1.3712679741216127,0,2025-12-29
701,0.6361287947623956,1.051385100377363,1.2628257883783691,0,2025-12-30
